{
  "last_updated": "2025-11-20T20:31:48-05:00",
  "teams": [
    {
      "team": "Georgia",
      "sec_record": "7-1",
      "owp_current": 0.615,
      "owp_proj_chalk": 0.61,
      "owp_proj_upset": 0.62
    },
    {
      "team": "Alabama",
      "sec_record": "6-1",
      "owp_current": 0.61,
      "owp_proj_chalk": 0.615,
      "owp_proj_upset": 0.608
    },
    {
      "team": "Ole Miss",
      "sec_record": "6-1",
      "owp_current": 0.605,
      "owp_proj_chalk": 0.595,
      "owp_proj_upset": 0.61
    },
    {
      "team": "Texas A&M",
      "sec_record": "7-0",
      "owp_current": 0.54,
      "owp_proj_chalk": 0.535,
      "owp_proj_upset": 0.545
    },
    {
      "team": "Texas",
      "sec_record": "4-2",
      "owp_current": 0.56,
      "owp_proj_chalk": 0.562,
      "owp_proj_upset": 0.555
    },
    {
      "team": "Oklahoma",
      "sec_record": "4-2",
      "owp_current": 0.553,
      "owp_proj_chalk": 0.55,
      "owp_proj_upset": 0.56
    }
  ]
}